{"A1": -0.015625353902578354, "G": 45.24007797241211, "a": 2.6239240169525146, "A2": -1.0590057373046875, "k2": 20.0, "b": 12.77495288848877, "R2": -1.1421641111373901, "R1": 0.3858567178249359, "k1": 200.0}