{"A1": -0.028428489342331886, "A2": -0.8516771793365479, "G": 46.360347747802734, "R1": 0.41590508818626404, "R2": -1.1629139184951782, "a": 2.99202823638916, "b": 12.298127174377441, "k1": 200, "k2": 20}