{"A1": 0.001193483010865748, "A2": -0.8133550882339478, "G": 46.22231674194336, "R1": 0.390514999628067, "R2": -1.1704413890838623, "a": 2.8012912273406982, "b": 12.519614219665527, "k1": 200, "k2": 20}