{"A1": -0.014163096435368061, "A2": -0.9770935773849487, "G": 46.24748611450195, "R1": 0.412973016500473, "R2": -1.1498690843582153, "a": 2.7558159828186035, "b": 12.483577728271484, "k1": 200, "k2": 20}