{"A1": -0.037057191133499146, "A2": -0.8848722577095032, "G": 46.059356689453125, "R1": 0.42009520530700684, "R2": -1.167954444885254, "a": 2.784233570098877, "b": 12.3799409866333, "k1": 200, "k2": 20}