{"A1": -0.04164117947220802, "A2": -0.9123475551605225, "G": 45.57811737060547, "R1": 0.39414823055267334, "R2": -1.1551014184951782, "a": 2.716559886932373, "b": 12.227038383483887, "k1": 200, "k2": 20}