{"A1": -0.036682918667793274, "A2": -0.7319313287734985, "G": 46.14031982421875, "R1": 0.44190189242362976, "R2": -1.1629235744476318, "a": 2.752375364303589, "b": 12.392020225524902, "k1": 200, "k2": 20}