{"A1": -0.009524347260594368, "A2": -0.910681426525116, "G": 45.366477966308594, "R1": 0.4198105037212372, "R2": -1.1271300315856934, "a": 2.261470079421997, "b": 12.977167129516602, "k1": 200, "k2": 20}