{"A1": -0.03232847899198532, "A2": -0.7717593908309937, "G": 46.65729522705078, "R1": 0.4159579277038574, "R2": -1.162907600402832, "a": 3.0897490978240967, "b": 12.146550178527832, "k1": 200, "k2": 20}