{"A1": -0.004102977924048901, "A2": -0.8856610655784607, "G": 45.39207077026367, "R1": 0.3379932940006256, "R2": -1.1576180458068848, "a": 2.5142910480499268, "b": 12.39081859588623, "k1": 200, "k2": 20}