{"A1": -0.005723847541958094, "A2": -0.7943200469017029, "G": 46.35776138305664, "R1": 0.3672492206096649, "R2": -1.163724660873413, "a": 3.021439790725708, "b": 12.406561851501465, "k1": 200, "k2": 20}