{"A1": -0.01693420484662056, "A2": -0.7264813184738159, "G": 45.380859375, "R1": 0.3653132915496826, "R2": -1.1539479494094849, "a": 2.536329984664917, "b": 12.198749542236328, "k1": 200, "k2": 20}