{"A1": -0.00650693429633975, "A2": -0.7923635840415955, "G": 46.108760833740234, "R1": 0.36667749285697937, "R2": -1.1583327054977417, "a": 2.6246094703674316, "b": 12.679557800292969, "k1": 200, "k2": 20}