{"A1": -0.038461942225694656, "A2": -0.819831907749176, "G": 46.03074264526367, "R1": 0.40977445244789124, "R2": -1.1694788932800293, "a": 2.7325451374053955, "b": 12.513659477233887, "k1": 200, "k2": 20}