{"A1": -0.01783849112689495, "A2": -0.9146002531051636, "G": 45.560646057128906, "R1": 0.40216925740242004, "R2": -1.1507493257522583, "a": 2.472355604171753, "b": 12.627301216125488, "k1": 200, "k2": 20}