{"A1": -0.0174309853464365, "A2": -0.803981363773346, "G": 46.14503479003906, "R1": 0.40676796436309814, "R2": -1.1724554300308228, "a": 2.847910165786743, "b": 12.089090347290039, "k1": 200, "k2": 20}