{"A1": 1.1739469982785522e-06, "A2": -0.8247880339622498, "G": 46.12813186645508, "R1": 0.3844071626663208, "R2": -1.1608740091323853, "a": 2.6856698989868164, "b": 12.733075141906738, "k1": 200, "k2": 20}