{"A1": -0.03612134978175163, "A2": -0.9304226636886597, "G": 45.64192199707031, "R1": 0.4454995095729828, "R2": -1.1613316535949707, "a": 2.808035373687744, "b": 12.375083923339844, "k1": 200, "k2": 20}