{"A1": -0.012074398808181286, "A2": -1.1769849061965942, "G": 45.884422302246094, "R1": 0.425336092710495, "R2": -1.142576813697815, "a": 2.297588586807251, "b": 13.097848892211914, "k1": 200, "k2": 20}