{"A1": -0.0021662935614585876, "A2": -0.9047332406044006, "G": 46.03242492675781, "R1": 0.4139289855957031, "R2": -1.153831124305725, "a": 2.686581611633301, "b": 12.393975257873535, "k1": 200, "k2": 20}