{"A1": -0.027416646480560303, "A2": -0.8639487028121948, "G": 46.272037506103516, "R1": 0.4166898727416992, "R2": -1.172567367553711, "a": 2.9163026809692383, "b": 12.499157905578613, "k1": 200, "k2": 20}