{"A1": -0.011471608653664589, "A2": 0.1794651746749878, "G": 49.439659118652344, "R1": 0.3681727349758148, "R2": -1.1819243431091309, "a": 4.251492023468018, "b": 11.108999252319336, "k1": 200, "k2": 20}