{"A1": 0.036096200346946716, "A2": 0.1719811111688614, "G": 49.337284088134766, "R1": 0.3610594570636749, "R2": -1.1941548585891724, "a": 4.350960731506348, "b": 10.965520858764648, "k1": 200, "k2": 20}