{"A1": 0.00956475455313921, "A2": -0.0016704045701771975, "G": 49.15288543701172, "R1": 0.39721930027008057, "R2": -1.2238972187042236, "a": 4.375430583953857, "b": 10.895625114440918, "k1": 200, "k2": 20}