{"A1": -0.0031070723198354244, "A2": 0.21545439958572388, "G": 49.34638595581055, "R1": 0.35653769969940186, "R2": -1.1780757904052734, "a": 4.596043586730957, "b": 10.651493072509766, "k1": 200, "k2": 20}