{"A1": -0.0054979873821139336, "A2": 0.23657888174057007, "G": 49.283607482910156, "R1": 0.3448868989944458, "R2": -1.1691802740097046, "a": 4.247766971588135, "b": 11.075016975402832, "k1": 200, "k2": 20}