{"A1": 0.026344193145632744, "A2": 0.0033822290133684874, "G": 49.35724639892578, "R1": 0.3667486011981964, "R2": -1.2283287048339844, "a": 4.537331581115723, "b": 10.720817565917969, "k1": 200, "k2": 20}