{"A1": 0.0457240529358387, "A2": 0.13715636730194092, "G": 49.20302963256836, "R1": 0.3241739869117737, "R2": -1.1697193384170532, "a": 4.488112449645996, "b": 10.834639549255371, "k1": 200, "k2": 20}