{"A1": 0.03251323476433754, "A2": 0.1565195769071579, "G": 49.55071258544922, "R1": 0.37606704235076904, "R2": -1.193519949913025, "a": 4.379533767700195, "b": 10.94705867767334, "k1": 200, "k2": 20}