{"A1": 0.02378268539905548, "A2": 0.0057006417773664, "G": 49.42967987060547, "R1": 0.35177111625671387, "R2": -1.2217251062393188, "a": 4.729811191558838, "b": 10.557000160217285, "k1": 200, "k2": 20}