{"A1": 0.03476066514849663, "A2": 0.11682580411434174, "G": 49.30972671508789, "R1": 0.3313754200935364, "R2": -1.1841702461242676, "a": 4.465259552001953, "b": 10.860492706298828, "k1": 200, "k2": 20}