{"A1": 0.009454949758946896, "A2": -0.002349710324779153, "G": 49.52375030517578, "R1": 0.37198567390441895, "R2": -1.2361607551574707, "a": 4.5177202224731445, "b": 10.78977108001709, "k1": 200, "k2": 20}