{"A1": 0.0076873707585036755, "A2": 0.08346527814865112, "G": 49.6370849609375, "R1": 0.3777393400669098, "R2": -1.1882716417312622, "a": 4.622458457946777, "b": 10.65648365020752, "k1": 200, "k2": 20}