{"A1": 0.012890089303255081, "A2": 0.1165514588356018, "G": 49.73286056518555, "R1": 0.3616422116756439, "R2": -1.1830546855926514, "a": 4.545245170593262, "b": 10.758262634277344, "k1": 200, "k2": 20}