{"A1": -0.004143296740949154, "A2": 0.05458630993962288, "G": 49.857261657714844, "R1": 0.37737032771110535, "R2": -1.199919581413269, "a": 4.364920616149902, "b": 10.960246086120605, "k1": 200, "k2": 20}