{"A1": -0.030688440427184105, "A2": 0.23706182837486267, "G": 49.39134216308594, "R1": 0.37062373757362366, "R2": -1.1751314401626587, "a": 4.632994651794434, "b": 10.638822555541992, "k1": 200, "k2": 20}