{"A1": 0.01947660557925701, "A2": 0.187323197722435, "G": 49.23432540893555, "R1": 0.34403911232948303, "R2": -1.1797373294830322, "a": 4.356223106384277, "b": 10.932066917419434, "k1": 200, "k2": 20}