{"A1": 0.006454455200582743, "A2": 0.2964232563972473, "G": 49.24159240722656, "R1": 0.27882543206214905, "R2": -1.1693310737609863, "a": 4.342818737030029, "b": 10.93065357208252, "k1": 200, "k2": 20}