{"A1": 0.0020269516389817, "A2": 0.0015280829975381494, "G": 49.55059051513672, "R1": 0.40312397480010986, "R2": -1.2326016426086426, "a": 4.617573261260986, "b": 10.67350959777832, "k1": 200, "k2": 20}