{"A1": 0.0033423095010221004, "A2": 0.03709283471107483, "G": 49.643611907958984, "R1": 0.3526381850242615, "R2": -1.196401596069336, "a": 4.3782057762146, "b": 10.937592506408691, "k1": 200, "k2": 20}