{"A1": -0.01370751392096281, "A2": 0.10200636833906174, "G": 49.56999588012695, "R1": 0.31999775767326355, "R2": -1.186498761177063, "a": 4.255244255065918, "b": 11.059574127197266, "k1": 200, "k2": 20}