{"A1": 0.003905851161107421, "A2": -0.010578235611319542, "G": 49.81618881225586, "R1": 0.36758407950401306, "R2": -1.2154736518859863, "a": 4.491494655609131, "b": 10.839118957519531, "k1": 200, "k2": 20}