{"A1": 0.021199636161327362, "A2": 0.20298805832862854, "G": 49.49087142944336, "R1": 0.35355690121650696, "R2": -1.1733160018920898, "a": 4.456365585327148, "b": 10.84029483795166, "k1": 200, "k2": 20}