{"A1": -0.004400632344186306, "A2": 0.0037710932083427906, "G": 49.366703033447266, "R1": 0.388998419046402, "R2": -1.2253692150115967, "a": 4.413095474243164, "b": 10.89981746673584, "k1": 200, "k2": 20}