{"A1": 0.013290363363921642, "A2": 0.2085428237915039, "G": 49.27686309814453, "R1": 0.37185797095298767, "R2": -1.17756986618042, "a": 4.4096903800964355, "b": 10.880788803100586, "k1": 200, "k2": 20}