{"A1": 0.019530780613422394, "A2": 0.1724776029586792, "G": 49.45262908935547, "R1": 0.33862680196762085, "R2": -1.1703221797943115, "a": 4.4327311515808105, "b": 10.891575813293457, "k1": 200, "k2": 20}