{"A1": 0.05938888341188431, "A2": 0.11832477152347565, "G": 49.68843078613281, "R1": 0.3505555987358093, "R2": -1.1891326904296875, "a": 4.544602394104004, "b": 10.765050888061523, "k1": 200, "k2": 20}