{"A1": -0.0029256169218569994, "A2": 0.030359722673892975, "G": 49.647308349609375, "R1": 0.3586682379245758, "R2": -1.2118487358093262, "a": 4.573737144470215, "b": 10.746870040893555, "k1": 200, "k2": 20}