{"A1": 0.008156289346516132, "A2": 0.005622624885290861, "G": 49.764495849609375, "R1": 0.36693549156188965, "R2": -1.220715045928955, "a": 4.453642845153809, "b": 10.846158027648926, "k1": 200, "k2": 20}