{"A1": 0.001314249006099999, "A2": -0.02035958506166935, "G": 49.502628326416016, "R1": 0.314064621925354, "R2": -1.2147862911224365, "a": 4.508093357086182, "b": 10.834494590759277, "k1": 200, "k2": 20}