{"A1": -0.0014558767434209585, "A2": 0.004173751454800367, "G": 49.58027267456055, "R1": 0.339324414730072, "R2": -1.2098139524459839, "a": 4.483838081359863, "b": 10.803011894226074, "k1": 200, "k2": 20}