{"A1": 0.0021425378508865833, "A2": 0.019777070730924606, "G": 49.389774322509766, "R1": 0.373571515083313, "R2": -1.203558087348938, "a": 4.5411787033081055, "b": 10.7839994430542, "k1": 200, "k2": 20}