{"A1": 0.010759719647467136, "A2": 0.04910876229405403, "G": 49.53383255004883, "R1": 0.3116350471973419, "R2": -1.1956477165222168, "a": 4.268913269042969, "b": 11.06241512298584, "k1": 200, "k2": 20}