{"A1": 0.020785914734005928, "A2": 0.11275646090507507, "G": 49.51580047607422, "R1": 0.30814453959465027, "R2": -1.1951688528060913, "a": 4.4772491455078125, "b": 10.853684425354004, "k1": 200, "k2": 20}