{"A1": 0.0073386491276323795, "A2": 0.008142303675413132, "G": 49.439823150634766, "R1": 0.3701695501804352, "R2": -1.219188928604126, "a": 4.55269193649292, "b": 10.721923828125, "k1": 200, "k2": 20}