{"A1": 0.0025099345948547125, "A2": 0.052514586597681046, "G": 49.571022033691406, "R1": 0.3404269516468048, "R2": -1.190590739250183, "a": 4.525411605834961, "b": 10.771794319152832, "k1": 200, "k2": 20}