{"A1": 0.006938664708286524, "A2": 0.001210520975291729, "G": 49.59403610229492, "R1": 0.3457934260368347, "R2": -1.2195004224777222, "a": 4.514958381652832, "b": 10.771442413330078, "k1": 200, "k2": 20}