{"A1": 0.0010484966915100813, "A2": -0.0065828426741063595, "G": 49.644508361816406, "R1": 0.372054785490036, "R2": -1.2246419191360474, "a": 4.494256973266602, "b": 10.798933982849121, "k1": 200, "k2": 20}