{"A1": 0.03443484753370285, "A2": 0.002637139754369855, "G": 49.80282211303711, "R1": 0.3609534800052643, "R2": -1.2314635515213013, "a": 4.677445888519287, "b": 10.687665939331055, "k1": 200, "k2": 20}