{"A1": 0.00021973926050122827, "A2": 0.2366316020488739, "G": 49.40107345581055, "R1": 0.3583909571170807, "R2": -1.1752413511276245, "a": 4.208255290985107, "b": 11.091187477111816, "k1": 200, "k2": 20}