{"A1": 0.03762689232826233, "A2": -0.007524294313043356, "G": 49.52083969116211, "R1": 0.3761994540691376, "R2": -1.2173452377319336, "a": 4.558531761169434, "b": 10.756189346313477, "k1": 200, "k2": 20}