{"A1": -0.015625353902578354, "k1": 200.0, "R2": -1.1421641111373901, "A2": -1.0590057373046875, "a": 2.6239240169525146, "Accuracy_train": 0.9037683606147766, "R1": 0.3858567178249359, "k2": 20.0, "Accuracy_test": 0.8911114931106567, "Loss": 0.3125833570957184, "G": 45.24007797241211, "b": 12.77495288848877}