{"l0_spk": 37.03964749360696, "l1_spk": 160.5077296526004, "l2_spk": 295.7859637594631, "Accuracy/test": 0.6578691288044578, "Accuracy/train": 0.7220281801725689, "Loss/Local": 1.0891258904808445, "Loss/GR": 0.0, "spk count l2": 295.77917801706417, "a": 5.061805925871196, "A1": -0.008802224053253763, "A2": -0.0001599951126416655, "b": 9.909033674942819, "G": 50.12720830816971, "k1": 200.0, "k2": 20.0, "R1": -0.02040452828728839, "R2": 0.9641853884646767, "a_grad": 8.921743797542017e-08, "A1_grad": 3.2696715865803955e-07, "A2_grad": -6.612863254411806e-07, "b_grad": -2.1159884291381476e-08, "G_grad": 7.462786153664575e-09, "R1_grad": 1.2688222058821358e-09, "R2_grad": 2.454774129216557e-09}