{"Loss": 0.92673259973526, "k1": 200.0, "G": 50.230247497558594, "R2": -0.13337266445159912, "Accuracy_test": 0.6639648675918579, "Accuracy_train": 0.681933581829071, "k2": 20.0, "R1": 0.06410062313079834, "a": 5.1168532371521, "A1": 0.004110458306968212, "A2": -0.43683454394340515, "b": 9.984899520874023}