{"l0_spk": 54.620124085255156, "l1_spk": 198.90328683706431, "l2_spk": 249.24967787522536, "Accuracy/test": 0.7936051772988361, "Accuracy/train": 0.851257456385571, "Loss/Local": 0.6950760431911635, "Loss/GR": 0.0, "spk count l2": 250.03104301120925, "a": 5.0685133934021, "A1": 0.054409775882959366, "A2": -0.08038092404603958, "b": 9.930954933166504, "G": 50.082852239194125, "k1": 200.0, "k2": 20.0, "R1": -0.06911461800336838, "R2": 1.045113444328308, "a_grad": 2.379144863085716e-06, "A1_grad": 1.0492321911400544e-06, "A2_grad": -5.428493674826215e-06, "b_grad": -1.0568442586079552e-06, "G_grad": -3.803630848149372e-08, "R1_grad": -7.786751206117806e-08, "R2_grad": 2.1969904397280198e-06}